{"cameraMode":{"drawMode":0,"name":"Shaded","section":"Shading Mode"},"sceneLighting":true,"audioPlay":false,"sceneViewState":{"showFog":true,"showMaterialUpdate":false,"showSkybox":true,"showFlares":true,"showImageEffects":true,"showParticleSystems":true},"in2DMode":false,"pivot":{"x":6.498119354248047,"y":31.98808479309082,"z":-21.339584350585939},"rotation":{"x":-0.24962960183620454,"y":0.14660020172595979,"z":-0.03826352581381798,"w":-0.9564154148101807},"size":27.608152389526368,"orthographic":false}